img,rle_mask
00087a6bd4dc_01,
00087a6bd4dc_02,
00087a6bd4dc_03,
00087a6bd4dc_04,
00087a6bd4dc_05,
00087a6bd4dc_06,
00087a6bd4dc_07,
00087a6bd4dc_08,
00087a6bd4dc_09,
00087a6bd4dc_10,
00087a6bd4dc_11,
00087a6bd4dc_12,
00087a6bd4dc_13,
00087a6bd4dc_14,
00087a6bd4dc_15,
00087a6bd4dc_16,
02159e548029_01,
02159e548029_02,
02159e548029_03,
02159e548029_04,
02159e548029_05,
02159e548029_06,
02159e548029_07,
02159e548029_08,
02159e548029_09,
02159e548029_10,
02159e548029_11,
02159e548029_12,
02159e548029_13,
02159e548029_14,
02159e548029_15,
02159e548029_16,
03a857ce842d_01,
03a857ce842d_02,
03a857ce842d_03,
03a857ce842d_04,
03a857ce842d_05,
03a857ce842d_06,
03a857ce842d_07,
03a857ce842d_08,
03a857ce842d_09,
03a857ce842d_10,
03a857ce842d_11,
03a857ce842d_12,
03a857ce842d_13,
03a857ce842d_14,
03a857ce842d_15,
03a857ce842d_16,
0495dcf27283_01,
0495dcf27283_02,
0495dcf27283_03,
0495dcf27283_04,
0495dcf27283_05,
0495dcf27283_06,
0495dcf27283_07,
0495dcf27283_08,
0495dcf27283_09,
0495dcf27283_10,
0495dcf27283_11,
0495dcf27283_12,
0495dcf27283_13,
0495dcf27283_14,
0495dcf27283_15,
0495dcf27283_16,
04bd942b463b_01,
04bd942b463b_02,
04bd942b463b_03,
04bd942b463b_04,
04bd942b463b_05,
04bd942b463b_06,
04bd942b463b_07,
04bd942b463b_08,
04bd942b463b_09,
04bd942b463b_10,
04bd942b463b_11,
04bd942b463b_12,
04bd942b463b_13,
04bd942b463b_14,
04bd942b463b_15,
04bd942b463b_16,
0789bed99cb8_01,
0789bed99cb8_02,
0789bed99cb8_03,
0789bed99cb8_04,
0789bed99cb8_05,
0789bed99cb8_06,
0789bed99cb8_07,
0789bed99cb8_08,
0789bed99cb8_09,
0789bed99cb8_10,
0789bed99cb8_11,
0789bed99cb8_12,
0789bed99cb8_13,
0789bed99cb8_14,
0789bed99cb8_15,
0789bed99cb8_16,
0795e132d090_01,
0795e132d090_02,
0795e132d090_03,
0795e132d090_04,
